39.275.834-8,Owen,Ashley,7 años,Activo
36.041.382-9,Casey,Cooke,7 años,Inactivo
21.778.004-7,Ria,Bullock,7 años,Activo
34.503.059-k,Hashim,Boyer,4 años,Inactivo
8.534.337-8,Illana,Gill,3 años,Activo
35.804.650-9,Bo,Montoya,2 años,Inactivo
12.785.429-7,Alice,Warren,4 años,Inactivo
38.178.877-6,Aimee,Lowe,1 años,Inactivo
48.625.935-3,Nigel,Barron,6 años,Activo
40.372.334-7,Lucius,Nguyen,1 años,Activo
50.892.169-1,Thane,Perry,6 años,Inactivo
46.686.979-1,Emery,Lewis,4 años,Inactivo
14.716.361-4,Jelani,Best,1 años,Inactivo
8.721.368-4,Rae,Jenkins,5 años,Inactivo
21.634.166-k,Nicole,Hogan,1 años,Inactivo
28.948.323-3,Eagan,Armstrong,7 años,Activo
19.231.715-0,Melyssa,Ortega,5 años,Activo
30.788.992-7,Maxwell,Justice,3 años,Inactivo
18.483.831-1,Melinda,Marshall,1 años,Activo
26.089.238-k,Mary,Wright,7 años,Inactivo
33.112.918-6,Christine,Rodgers,4 años,Activo
19.557.081-7,Ila,Flowers,1 años,Activo
46.172.847-2,Juliet,Huff,1 años,Inactivo
7.618.279-5,Maris,Wallace,1 años,Inactivo
33.576.067-0,Margaret,Scott,4 años,Activo
44.216.067-8,Reuben,Dale,2 años,Activo
12.232.110-k,Tatiana,Bowers,4 años,Activo
32.756.021-2,Arsenio,Dominguez,4 años,Activo
46.724.025-0,Bryar,Jefferson,2 años,Activo
21.431.002-3,Dylan,Franks,2 años,Activo
31.107.029-0,Danielle,Reilly,4 años,Inactivo
32.246.137-2,Noel,Sosa,7 años,Inactivo
14.085.223-6,Iola,Maynard,4 años,Activo
47.219.907-2,Reece,Workman,5 años,Activo
17.064.221-k,Brian,Clarke,3 años,Activo
50.372.900-8,Derek,Perry,3 años,Activo
38.983.676-1,Jaime,Hodges,2 años,Activo
20.929.703-5,Cole,Kim,3 años,Activo
46.055.085-8,Jacob,Deleon,4 años,Inactivo
46.984.370-k,Zephania,Tucker,6 años,Activo
16.705.412-9,Cheryl,Black,3 años,Activo
46.895.201-7,Adena,Keith,7 años,Inactivo
45.855.885-k,Kadeem,Blair,2 años,Inactivo
39.901.789-0,Alexa,Fernandez,5 años,Activo
22.882.360-0,Ahmed,Pope,7 años,Inactivo
29.147.032-7,Griffith,Walton,1 años,Inactivo
29.907.397-1,Unity,Matthews,5 años,Inactivo
33.621.228-6,Sierra,Mercer,1 años,Inactivo
23.459.122-3,Dexter,Pate,2 años,Inactivo
17.032.577-k,Oren,Russell,5 años,Inactivo
20.788.704-8,Eagan,Romero,3 años,Activo
39.812.542-8,Lavinia,Mcgee,5 años,Activo
23.421.726-7,Donovan,Wells,7 años,Activo
16.580.141-5,Priscilla,Potter,6 años,Activo
17.551.219-5,William,Juarez,7 años,Inactivo
15.352.204-9,Chava,Henson,1 años,Activo
9.053.058-5,Raven,Salazar,5 años,Inactivo
20.815.884-8,Sade,Mcmahon,4 años,Activo
9.293.053-k,Camden,Gallegos,1 años,Activo
47.909.403-9,Urielle,Humphrey,5 años,Inactivo
23.381.411-3,Ramona,Avery,6 años,Inactivo
49.454.869-0,Odysseus,Duffy,2 años,Inactivo
5.572.043-6,Herrod,Deleon,4 años,Activo
32.217.444-6,Valentine,Conway,2 años,Activo
25.351.251-2,Odysseus,Casey,2 años,Activo
35.419.225-k,Suki,Conley,6 años,Activo
9.063.962-5,Ocean,Greene,6 años,Inactivo
35.214.870-9,Rashad,Sandoval,5 años,Inactivo
48.578.175-7,Deacon,Kent,1 años,Inactivo
26.198.020-7,Howard,Cook,3 años,Inactivo
20.529.278-0,Ishmael,Poole,6 años,Activo
48.416.087-2,Roth,Sanford,2 años,Inactivo
10.773.970-k,Shaeleigh,Chang,2 años,Activo
24.267.624-6,Tucker,Parsons,1 años,Inactivo
38.385.325-7,Shannon,Peck,7 años,Inactivo
5.581.819-3,Lane,Mccall,3 años,Inactivo
29.685.235-k,Elijah,Huber,7 años,Activo
13.725.478-6,Indigo,Medina,1 años,Inactivo
41.795.315-9,Stephen,Lloyd,2 años,Inactivo
40.380.416-9,Joelle,Hess,6 años,Activo
19.829.351-2,Yvonne,Haney,1 años,Inactivo
26.034.972-4,Jonah,Sullivan,5 años,Activo
41.460.000-k,Leo,Bates,1 años,Activo
12.149.169-9,Aspen,Mcclure,1 años,Activo
29.324.688-2,Dane,Randall,5 años,Activo
49.741.613-2,Fiona,Callahan,6 años,Activo
47.608.848-8,Hedda,Jordan,7 años,Inactivo
48.484.929-3,Jackson,Rivers,4 años,Activo
23.406.616-1,Maile,Weber,7 años,Activo
50.084.179-6,Rashad,Richardson,5 años,Inactivo
33.252.687-1,Christine,Gould,3 años,Inactivo
9.431.963-3,Kieran,Pope,6 años,Activo
49.117.940-6,Timothy,Mueller,1 años,Activo
33.977.385-8,Chandler,Cervantes,7 años,Inactivo
48.292.470-0,Macey,Lang,1 años,Activo
32.115.748-3,Price,Hanson,3 años,Inactivo
47.297.022-4,Yasir,Frazier,3 años,Activo
17.188.886-7,Fuller,Livingston,5 años,Activo
21.928.831-k,Vernon,Mcfarland,4 años,Inactivo
36.858.909-8,Dawn,Callahan,6 años,Activo